{"cameraMode":{"drawMode":0,"name":"Shaded","section":"Shading Mode"},"sceneLighting":true,"audioPlay":false,"sceneViewState":{"showFog":true,"showMaterialUpdate":false,"showSkybox":true,"showFlares":true,"showImageEffects":true,"showParticleSystems":true},"in2DMode":false,"pivot":{"x":-124.8399658203125,"y":-34.91983413696289,"z":103.03496551513672},"rotation":{"x":-0.09863092005252838,"y":0.43365412950515749,"z":-0.04782262071967125,"w":-0.8943875432014465},"size":179.98428344726563,"orthographic":false}