{"cameraMode":{"drawMode":0,"name":"Shaded","section":"Shading Mode"},"sceneLighting":true,"audioPlay":false,"sceneViewState":{"showFog":true,"showMaterialUpdate":false,"showSkybox":true,"showFlares":true,"showImageEffects":true,"showParticleSystems":true},"in2DMode":false,"pivot":{"x":-1.5120372772216797,"y":-2.6354846954345705,"z":-3.221896171569824},"rotation":{"x":-0.11888612061738968,"y":0.8576854467391968,"z":-0.22936590015888215,"w":-0.4445594847202301},"size":21.133766174316408,"orthographic":false}