{"cameraMode":{"drawMode":0,"name":"Shaded","section":"Shading Mode"},"sceneLighting":false,"audioPlay":false,"sceneViewState":{"showFog":true,"showMaterialUpdate":false,"showSkybox":true,"showFlares":true,"showImageEffects":true,"showParticleSystems":true},"in2DMode":false,"pivot":{"x":-1.2391308546066285,"y":0.2265174388885498,"z":11.680211067199707},"rotation":{"x":0.07360121607780457,"y":-0.06279225647449494,"z":0.004642953164875507,"w":0.9952981472015381},"size":14.645574569702149,"orthographic":false}