{"cameraMode":{"drawMode":0,"name":"Shaded","section":"Shading Mode"},"sceneLighting":false,"audioPlay":false,"sceneViewState":{"showFog":true,"showMaterialUpdate":false,"showSkybox":true,"showFlares":true,"showImageEffects":true,"showParticleSystems":true},"in2DMode":false,"pivot":{"x":-0.5209090113639832,"y":-2.580432415008545,"z":-2.462367057800293},"rotation":{"x":0.062138643115758899,"y":0.934583306312561,"z":-0.20390748977661134,"w":0.28480637073516848},"size":8.777999877929688,"orthographic":false}