{"cameraMode":{"drawMode":0,"name":"Shaded","section":"Shading Mode"},"sceneLighting":false,"audioPlay":false,"sceneViewState":{"showFog":true,"showMaterialUpdate":false,"showSkybox":true,"showFlares":true,"showImageEffects":true,"showParticleSystems":true},"in2DMode":false,"pivot":{"x":0.20024347305297852,"y":1.6285700798034669,"z":2.1480984687805177},"rotation":{"x":0.23056089878082276,"y":0.6026906371116638,"z":-0.187641441822052,"w":0.7405379414558411},"size":5.515641212463379,"orthographic":false}