{"cameraMode":{"drawMode":0,"name":"Shaded","section":"Shading Mode"},"sceneLighting":false,"audioPlay":false,"sceneViewState":{"showFog":true,"showMaterialUpdate":false,"showSkybox":true,"showFlares":true,"showImageEffects":true,"showParticleSystems":true},"in2DMode":false,"pivot":{"x":1.5057849884033204,"y":-0.8478102684020996,"z":4.170804023742676},"rotation":{"x":0.18339134752750398,"y":0.7303133010864258,"z":-0.21540279686450959,"w":0.6217811107635498},"size":14.245405197143555,"orthographic":false}