{"cameraMode":{"drawMode":0,"name":"Shaded","section":"Shading Mode"},"sceneLighting":false,"audioPlay":false,"sceneViewState":{"showFog":true,"showMaterialUpdate":false,"showSkybox":true,"showFlares":true,"showImageEffects":true,"showParticleSystems":true},"in2DMode":false,"pivot":{"x":-0.4144277572631836,"y":-2.541553020477295,"z":-2.4115686416625978},"rotation":{"x":0.06262201070785523,"y":0.9335966110229492,"z":-0.20222562551498414,"w":0.28910332918167117},"size":14.245405197143555,"orthographic":false}