{"cameraMode":{"drawMode":0,"name":"Shaded","section":"Shading Mode"},"sceneLighting":false,"audioPlay":false,"sceneViewState":{"showFog":true,"showMaterialUpdate":false,"showSkybox":true,"showFlares":true,"showImageEffects":true,"showParticleSystems":true},"in2DMode":false,"pivot":{"x":-0.27824756503105166,"y":1.5554325580596924,"z":-1.8263157606124879},"rotation":{"x":0.03223508223891258,"y":0.9657814502716065,"z":-0.1477561742067337,"w":0.21070189774036408},"size":14.645574569702149,"orthographic":false}