{"cameraMode":{"drawMode":0,"name":"Shaded","section":"Shading Mode"},"sceneLighting":false,"audioPlay":false,"sceneViewState":{"showFog":true,"showMaterialUpdate":false,"showSkybox":true,"showFlares":true,"showImageEffects":true,"showParticleSystems":true},"in2DMode":false,"pivot":{"x":-3.9137094020843508,"y":2.537184715270996,"z":3.6099088191986086},"rotation":{"x":0.253545880317688,"y":0.6478410959243774,"z":-0.2429834008216858,"w":0.675999641418457},"size":4.95484733581543,"orthographic":false}