{"cameraMode":{"drawMode":0,"name":"Shaded","section":"Shading Mode"},"sceneLighting":true,"audioPlay":false,"sceneViewState":{"showFog":true,"showMaterialUpdate":false,"showSkybox":true,"showFlares":true,"showImageEffects":true,"showParticleSystems":true},"in2DMode":false,"pivot":{"x":-0.948329746723175,"y":4.0071120262146,"z":5.294501781463623},"rotation":{"x":-0.017190394923090936,"y":0.9715346097946167,"z":-0.22422629594802857,"w":-0.07448234409093857},"size":6.038824081420898,"orthographic":false}