{"cameraMode":{"drawMode":0,"name":"Shaded","section":"Shading Mode"},"sceneLighting":false,"audioPlay":false,"sceneViewState":{"showFog":true,"showMaterialUpdate":false,"showSkybox":true,"showFlares":true,"showImageEffects":true,"showParticleSystems":true},"in2DMode":false,"pivot":{"x":0.030785024166107179,"y":0.5,"z":0.3046499490737915},"rotation":{"x":0.044300857931375507,"y":0.9521739482879639,"z":-0.1676788032054901,"w":0.2515673339366913},"size":3.152855157852173,"orthographic":false}