{"cameraMode":{"drawMode":0,"name":"Shaded","section":"Shading Mode"},"sceneLighting":false,"audioPlay":false,"sceneViewState":{"showFog":true,"showMaterialUpdate":false,"showSkybox":true,"showFlares":true,"showImageEffects":true,"showParticleSystems":true},"in2DMode":false,"pivot":{"x":-1.763969898223877,"y":1.30508553981781,"z":-1.2263998985290528},"rotation":{"x":0.04282164201140404,"y":-0.9208735823631287,"z":0.10578078031539917,"w":0.37278491258621218},"size":7.520181655883789,"orthographic":false}