{"cameraMode":{"drawMode":0,"name":"Shaded","section":"Shading Mode"},"sceneLighting":true,"audioPlay":false,"sceneViewState":{"showFog":true,"showMaterialUpdate":false,"showSkybox":true,"showFlares":true,"showImageEffects":true,"showParticleSystems":true},"in2DMode":false,"pivot":{"x":-2.1643004417419435,"y":-13.861093521118164,"z":20.224218368530275},"rotation":{"x":0.3742690980434418,"y":-0.004634236451238394,"z":0.0018854803638532758,"w":0.9273066520690918},"size":30.76921844482422,"orthographic":false}