{"cameraMode":{"drawMode":0,"name":"Shaded","section":"Shading Mode"},"sceneLighting":true,"audioPlay":false,"sceneViewState":{"showFog":true,"showMaterialUpdate":false,"showSkybox":true,"showFlares":true,"showImageEffects":true,"showParticleSystems":true},"in2DMode":false,"pivot":{"x":-14.081998825073243,"y":2.0677216053009035,"z":-37.650421142578128},"rotation":{"x":0.007716156076639891,"y":-0.9918190836906433,"z":0.10397090017795563,"w":0.07365770637989044},"size":13.56550407409668,"orthographic":false}