{"cameraMode":{"drawMode":0,"name":"Shaded","section":"Shading Mode"},"sceneLighting":false,"audioPlay":false,"sceneViewState":{"showFog":true,"showMaterialUpdate":false,"showSkybox":true,"showFlares":true,"showImageEffects":true,"showParticleSystems":true},"in2DMode":false,"pivot":{"x":-1.7103523015975953,"y":0.2476864606142044,"z":-1.646694540977478},"rotation":{"x":-0.10626421123743057,"y":0.8255597949028015,"z":-0.16589701175689698,"w":-0.5288073420524597},"size":8.400638580322266,"orthographic":false}