{"cameraMode":{"drawMode":0,"name":"Shaded","section":"Shading Mode"},"sceneLighting":true,"audioPlay":false,"sceneViewState":{"showFog":true,"showMaterialUpdate":false,"showSkybox":true,"showFlares":true,"showImageEffects":true,"showParticleSystems":true},"in2DMode":false,"pivot":{"x":472.5867919921875,"y":105.31084442138672,"z":-149.0900421142578},"rotation":{"x":-0.15707433223724366,"y":0.18140269815921784,"z":0.029368696734309198,"w":0.9703392386436462},"size":5.012792110443115,"orthographic":false}