{"cameraMode":{"drawMode":0,"name":"Shaded","section":"Shading Mode"},"sceneLighting":false,"audioPlay":false,"sceneViewState":{"showFog":true,"showMaterialUpdate":false,"showSkybox":true,"showFlares":true,"showImageEffects":true,"showParticleSystems":true},"in2DMode":false,"pivot":{"x":0.03243589401245117,"y":0.7415165901184082,"z":0.2867971658706665},"rotation":{"x":-0.10626421123743057,"y":0.8255597949028015,"z":-0.16589701175689698,"w":-0.5288073420524597},"size":9.77523136138916,"orthographic":false}