{"cameraMode":{"drawMode":0,"name":"Shaded","section":"Shading Mode"},"sceneLighting":false,"audioPlay":false,"sceneViewState":{"showFog":true,"showMaterialUpdate":false,"showSkybox":true,"showFlares":true,"showImageEffects":true,"showParticleSystems":true},"in2DMode":false,"pivot":{"x":-1.0622042417526246,"y":1.5738096237182618,"z":0.9457354545593262},"rotation":{"x":0.32180896401405337,"y":0.1015186458826065,"z":-0.03471403196454048,"w":0.9407060742378235},"size":7.520181655883789,"orthographic":false}