{"cameraMode":{"drawMode":0,"name":"Shaded","section":"Shading Mode"},"sceneLighting":true,"audioPlay":false,"sceneViewState":{"showFog":true,"showMaterialUpdate":false,"showSkybox":true,"showFlares":true,"showImageEffects":true,"showParticleSystems":true},"in2DMode":false,"pivot":{"x":0.9052309989929199,"y":0.4026937484741211,"z":-1.717623233795166},"rotation":{"x":-0.37713512778282168,"y":-0.23000997304916383,"z":0.09725271165370941,"w":-0.8918556571006775},"size":11.829255104064942,"orthographic":false}