{"cameraMode":{"drawMode":0,"name":"Shaded","section":"Shading Mode"},"sceneLighting":true,"audioPlay":false,"sceneViewState":{"showFog":true,"showMaterialUpdate":false,"showSkybox":true,"showFlares":true,"showImageEffects":true,"showParticleSystems":true},"in2DMode":false,"pivot":{"x":-0.2638431787490845,"y":-0.2835729122161865,"z":-0.7689931392669678},"rotation":{"x":-0.07087453454732895,"y":0.9045835733413696,"z":-0.386194109916687,"w":-0.16601040959358216},"size":5.3127923011779789,"orthographic":false}