{"cameraMode":{"drawMode":0,"name":"Shaded","section":"Shading Mode"},"sceneLighting":true,"audioPlay":false,"sceneViewState":{"showFog":true,"showMaterialUpdate":false,"showSkybox":true,"showFlares":true,"showImageEffects":true,"showParticleSystems":true},"in2DMode":false,"pivot":{"x":38.40339279174805,"y":-32.86117935180664,"z":38.031925201416019},"rotation":{"x":-0.2873685359954834,"y":-0.26124700903892519,"z":0.08179674297571182,"w":-0.9178663492202759},"size":78.49490356445313,"orthographic":false}