{"cameraMode":{"drawMode":0,"name":"Shaded","section":"Shading Mode"},"sceneLighting":true,"audioPlay":false,"sceneViewState":{"showFog":true,"showMaterialUpdate":false,"showSkybox":true,"showFlares":true,"showImageEffects":true,"showParticleSystems":true},"in2DMode":false,"pivot":{"x":4.660869121551514,"y":-0.7158832550048828,"z":6.041112899780273},"rotation":{"x":-0.45950445532798769,"y":-0.08889882266521454,"z":0.04628694802522659,"w":-0.8825022578239441},"size":24.384578704833986,"orthographic":false}