{"cameraMode":{"drawMode":32,"name":"UV Overlap","section":"Baked Global Illumination"},"sceneLighting":false,"audioPlay":false,"sceneViewState":{"showFog":true,"showMaterialUpdate":false,"showSkybox":true,"showFlares":true,"showImageEffects":true,"showParticleSystems":true},"in2DMode":false,"pivot":{"x":0.014956116676330567,"y":-0.02648472785949707,"z":0.3188936710357666},"rotation":{"x":-0.11174092441797257,"y":-0.8702384233474731,"z":0.23135791718959809,"w":-0.4203242361545563},"size":6.898125171661377,"orthographic":false}