{"cameraMode":{"drawMode":0,"name":"Shaded","section":"Shading Mode"},"sceneLighting":true,"audioPlay":false,"sceneViewState":{"showFog":true,"showMaterialUpdate":false,"showSkybox":true,"showFlares":true,"showImageEffects":true,"showParticleSystems":true},"in2DMode":false,"pivot":{"x":207.67373657226563,"y":54.418617248535159,"z":154.33067321777345},"rotation":{"x":-0.036242567002773288,"y":0.8909809589385986,"z":0.07227730005979538,"w":0.44678357243537905},"size":5.300493240356445,"orthographic":false}