{"cameraMode":{"drawMode":1,"name":"Wireframe","section":"Shading Mode"},"sceneLighting":true,"audioPlay":false,"sceneViewState":{"showFog":true,"showMaterialUpdate":false,"showSkybox":true,"showFlares":true,"showImageEffects":true,"showParticleSystems":true},"in2DMode":false,"pivot":{"x":-4.54963493347168,"y":-2.9495062828063967,"z":-2.9708712100982668},"rotation":{"x":-0.5434039831161499,"y":0.13431212306022645,"z":-0.08859691023826599,"w":-0.823907196521759},"size":7.289172172546387,"orthographic":false}