{"cameraMode":{"drawMode":32,"name":"UV Overlap","section":"Baked Global Illumination"},"sceneLighting":false,"audioPlay":false,"sceneViewState":{"showFog":true,"showMaterialUpdate":false,"showSkybox":true,"showFlares":true,"showImageEffects":true,"showParticleSystems":true},"in2DMode":false,"pivot":{"x":-0.20526576042175294,"y":-0.016729235649108888,"z":-0.022756576538085939},"rotation":{"x":-0.11174092441797257,"y":-0.8702384233474731,"z":0.23135791718959809,"w":-0.4203242361545563},"size":6.741574764251709,"orthographic":false}