{"cameraMode":{"drawMode":0,"name":"Shaded","section":"Shading Mode"},"sceneLighting":true,"audioPlay":false,"sceneViewState":{"showFog":true,"showMaterialUpdate":false,"showSkybox":true,"showFlares":true,"showImageEffects":true,"showParticleSystems":true},"in2DMode":false,"pivot":{"x":0.1324462890625,"y":1.2484130859375,"z":0.0458984375},"rotation":{"x":0.0410495363175869,"y":-0.7428344488143921,"z":0.04574309661984444,"w":0.6666480302810669},"size":6.044539451599121,"orthographic":true}