{"cameraMode":{"drawMode":0,"name":"Shaded","section":"Shading Mode"},"sceneLighting":true,"audioPlay":false,"sceneViewState":{"showFog":true,"showMaterialUpdate":false,"showSkybox":true,"showFlares":true,"showImageEffects":true,"showParticleSystems":true},"in2DMode":false,"pivot":{"x":8.564093589782715,"y":16.688560485839845,"z":-15.422944068908692},"rotation":{"x":-0.3337709605693817,"y":0.09198649227619171,"z":-0.0327426977455616,"w":-0.9375838041305542},"size":27.741823196411134,"orthographic":true}