{"cameraMode":{"drawMode":0,"name":"Shaded","section":"Shading Mode"},"sceneLighting":true,"audioPlay":false,"sceneViewState":{"showFog":true,"showMaterialUpdate":false,"showSkybox":true,"showFlares":true,"showImageEffects":true,"showParticleSystems":true},"in2DMode":false,"pivot":{"x":-1.92841637134552,"y":-35.6174201965332,"z":28.787927627563478},"rotation":{"x":-0.4487017095088959,"y":0.003988823853433132,"z":-0.0020036878995597364,"w":-0.8936704993247986},"size":85.97050476074219,"orthographic":false}