{"cameraMode":{"drawMode":0,"name":"Shaded","section":"Shading Mode"},"sceneLighting":false,"audioPlay":false,"sceneViewState":{"showFog":true,"showMaterialUpdate":false,"showSkybox":true,"showFlares":true,"showImageEffects":true,"showParticleSystems":true},"in2DMode":false,"pivot":{"x":-2.5917680263519289,"y":1.4358584880828858,"z":2.9819998741149904},"rotation":{"x":-0.3968982994556427,"y":-0.5809454917907715,"z":0.3867896497249603,"w":-0.5961273908615112},"size":5.515641212463379,"orthographic":false}