{"cameraMode":{"drawMode":0,"name":"Shaded","section":"Shading Mode"},"sceneLighting":false,"audioPlay":false,"sceneViewState":{"showFog":true,"showMaterialUpdate":false,"showSkybox":true,"showFlares":true,"showImageEffects":true,"showParticleSystems":true},"in2DMode":false,"pivot":{"x":1.2805616855621338,"y":-0.9409844875335693,"z":0.8290104269981384},"rotation":{"x":-0.288070946931839,"y":-0.6607658863067627,"z":0.3060935437679291,"w":-0.6218603253364563},"size":3.152855157852173,"orthographic":false}