{"cameraMode":{"drawMode":0,"name":"Shaded","section":"Shading Mode"},"sceneLighting":false,"audioPlay":false,"sceneViewState":{"showFog":true,"showMaterialUpdate":false,"showSkybox":true,"showFlares":true,"showImageEffects":true,"showParticleSystems":true},"in2DMode":false,"pivot":{"x":-2.5917680263519289,"y":1.4358584880828858,"z":2.9819998741149904},"rotation":{"x":-0.027045460417866708,"y":0.8673189878463745,"z":-0.4947507679462433,"w":-0.04741287603974342},"size":5.515641212463379,"orthographic":false}