{"cameraMode":{"drawMode":0,"name":"Shaded","section":"Shading Mode"},"sceneLighting":false,"audioPlay":false,"sceneViewState":{"showFog":true,"showMaterialUpdate":false,"showSkybox":true,"showFlares":true,"showImageEffects":true,"showParticleSystems":true},"in2DMode":false,"pivot":{"x":-3.1156158447265627,"y":0.59930419921875,"z":2.371826171875},"rotation":{"x":0.049839917570352557,"y":-0.82261061668396,"z":-0.07299179583787918,"w":-0.5616939067840576},"size":3.2214856147766115,"orthographic":true}