{"cameraMode":{"drawMode":0,"name":"Shaded","section":"Shading Mode"},"sceneLighting":true,"audioPlay":false,"sceneViewState":{"showFog":true,"showMaterialUpdate":false,"showSkybox":true,"showFlares":true,"showImageEffects":true,"showParticleSystems":true},"in2DMode":false,"pivot":{"x":-2.325685501098633,"y":4.752019882202148,"z":18.132051467895509},"rotation":{"x":-0.0675286129117012,"y":-0.9253897666931152,"z":0.1975390762090683,"w":-0.3163415193557739},"size":64.68031311035156,"orthographic":false}