{"cameraMode":{"drawMode":0,"name":"Shaded","section":"Shading Mode"},"sceneLighting":false,"audioPlay":false,"sceneViewState":{"showFog":true,"showMaterialUpdate":false,"showSkybox":true,"showFlares":true,"showImageEffects":true,"showParticleSystems":true},"in2DMode":false,"pivot":{"x":-0.41901707649230959,"y":0.24240779876708985,"z":-0.3625980019569397},"rotation":{"x":-0.2764850854873657,"y":-0.7176605463027954,"z":0.3946841359138489,"w":-0.5027364492416382},"size":3.152855157852173,"orthographic":false}