{"cameraMode":{"drawMode":0,"name":"Shaded","section":"Shading Mode"},"sceneLighting":false,"audioPlay":false,"sceneViewState":{"showFog":true,"showMaterialUpdate":false,"showSkybox":true,"showFlares":true,"showImageEffects":true,"showParticleSystems":true},"in2DMode":false,"pivot":{"x":0.06571602821350098,"y":1.388648509979248,"z":0.5571749210357666},"rotation":{"x":0.016172345727682115,"y":-0.922029435634613,"z":0.03874822333455086,"w":0.3848361372947693},"size":3.7366538047790529,"orthographic":true}