{"cameraMode":{"drawMode":0,"name":"Shaded","section":"Shading Mode"},"sceneLighting":true,"audioPlay":false,"sceneViewState":{"showFog":true,"showMaterialUpdate":false,"showSkybox":true,"showFlares":true,"showImageEffects":true,"showParticleSystems":true},"in2DMode":false,"pivot":{"x":0.017383575439453126,"y":-0.40105265378952029,"z":-0.06410980224609375},"rotation":{"x":-0.05714469030499458,"y":-0.8672943711280823,"z":0.483776718378067,"w":-0.10244539380073548},"size":32.47160720825195,"orthographic":false}