{"cameraMode":{"drawMode":0,"name":"Shaded","section":"Shading Mode"},"sceneLighting":false,"audioPlay":false,"sceneViewState":{"showFog":true,"showMaterialUpdate":false,"showSkybox":true,"showFlares":true,"showImageEffects":true,"showParticleSystems":true},"in2DMode":false,"pivot":{"x":0.030785024166107179,"y":0.5,"z":0.3046499490737915},"rotation":{"x":-0.30373868346214297,"y":-0.627221405506134,"z":0.2905556261539459,"w":-0.6556780338287354},"size":3.152855157852173,"orthographic":false}