{"cameraMode":{"drawMode":0,"name":"Shaded","section":"Shading Mode"},"sceneLighting":false,"audioPlay":false,"sceneViewState":{"showFog":true,"showMaterialUpdate":false,"showSkybox":true,"showFlares":true,"showImageEffects":true,"showParticleSystems":true},"in2DMode":false,"pivot":{"x":-0.024779200553894044,"y":0.457716703414917,"z":0.052131518721580508},"rotation":{"x":-0.29128360748291018,"y":-0.6639754176139832,"z":0.31609106063842776,"w":-0.6118636131286621},"size":3.152855157852173,"orthographic":false}