{"cameraMode":{"drawMode":0,"name":"Shaded","section":"Shading Mode"},"sceneLighting":true,"audioPlay":false,"sceneViewState":{"showFog":true,"showMaterialUpdate":false,"showSkybox":true,"showFlares":true,"showImageEffects":true,"showParticleSystems":true},"in2DMode":false,"pivot":{"x":105.26163482666016,"y":-123.52163696289063,"z":4.848079204559326},"rotation":{"x":-0.30373868346214297,"y":-0.627221405506134,"z":0.2905556261539459,"w":-0.6556780338287354},"size":171.8818359375,"orthographic":false}