{"cameraMode":{"drawMode":0,"name":"Shaded","section":"Shading Mode"},"sceneLighting":true,"audioPlay":false,"sceneViewState":{"showFog":true,"showMaterialUpdate":false,"showSkybox":true,"showFlares":true,"showImageEffects":true,"showParticleSystems":true},"in2DMode":false,"pivot":{"x":-20.595985412597658,"y":2.7918312549591066,"z":0.5980940461158752},"rotation":{"x":-0.25435709953308108,"y":-0.7009055614471436,"z":0.29949668049812319,"w":-0.5952610373497009},"size":42.80937957763672,"orthographic":false}