{"cameraMode":{"drawMode":0,"name":"Shaded","section":"Shading Mode"},"sceneLighting":false,"audioPlay":false,"sceneViewState":{"showFog":true,"showMaterialUpdate":false,"showSkybox":true,"showFlares":true,"showImageEffects":true,"showParticleSystems":true},"in2DMode":false,"pivot":{"x":0.030785024166107179,"y":0.5,"z":0.3046499490737915},"rotation":{"x":-0.12005332112312317,"y":-0.8196967244148254,"z":0.18631486594676972,"w":-0.5281773805618286},"size":3.152855157852173,"orthographic":true}