{"cameraMode":{"drawMode":0,"name":"Shaded","section":"Shading Mode"},"sceneLighting":true,"audioPlay":false,"sceneViewState":{"showFog":true,"showMaterialUpdate":false,"showSkybox":true,"showFlares":true,"showImageEffects":true,"showParticleSystems":true},"in2DMode":false,"pivot":{"x":-16.72920036315918,"y":-62.99272155761719,"z":114.72803497314453},"rotation":{"x":-0.27021849155426028,"y":0.09131491184234619,"z":-0.025755615904927255,"w":-0.9581128358840942},"size":135.66542053222657,"orthographic":false}