{"cameraMode":{"drawMode":0,"name":"Shaded","section":"Shading Mode"},"sceneLighting":false,"audioPlay":false,"sceneViewState":{"showFog":true,"showMaterialUpdate":false,"showSkybox":true,"showFlares":true,"showImageEffects":true,"showParticleSystems":true},"in2DMode":false,"pivot":{"x":-0.23763108253479005,"y":0.6718107461929321,"z":-0.026747703552246095},"rotation":{"x":-0.31044089794158938,"y":0.17462345957756043,"z":-0.058127306401729587,"w":-0.9326062202453613},"size":9.439566612243653,"orthographic":false}