{"cameraMode":{"drawMode":0,"name":"Shaded","section":"Shading Mode"},"sceneLighting":false,"audioPlay":false,"sceneViewState":{"showFog":true,"showMaterialUpdate":false,"showSkybox":true,"showFlares":true,"showImageEffects":true,"showParticleSystems":true},"in2DMode":false,"pivot":{"x":0.014956116676330567,"y":-0.02648472785949707,"z":0.3188936710357666},"rotation":{"x":-0.2713453769683838,"y":0.016456322744488717,"z":-0.004639922641217709,"w":-0.962330162525177},"size":6.898125171661377,"orthographic":false}