{"cameraMode":{"drawMode":0,"name":"Shaded","section":"Shading Mode"},"sceneLighting":false,"audioPlay":false,"sceneViewState":{"showFog":true,"showMaterialUpdate":false,"showSkybox":true,"showFlares":true,"showImageEffects":true,"showParticleSystems":true},"in2DMode":false,"pivot":{"x":0.7445588111877441,"y":-1.0036742687225342,"z":2.666210651397705},"rotation":{"x":-0.3018166720867157,"y":0.12451985478401184,"z":-0.03979567065834999,"w":-0.9443610906600952},"size":8.400638580322266,"orthographic":false}