{"cameraMode":{"drawMode":0,"name":"Shaded","section":"Shading Mode"},"sceneLighting":true,"audioPlay":false,"sceneViewState":{"showFog":true,"showMaterialUpdate":false,"showSkybox":true,"showFlares":true,"showImageEffects":true,"showParticleSystems":true},"in2DMode":false,"pivot":{"x":5.598722457885742,"y":-5.336760520935059,"z":2.8522958755493166},"rotation":{"x":-0.31724515557289126,"y":0.0034134762827306988,"z":-0.0011415210319682956,"w":-0.9483367800712586},"size":20.709680557250978,"orthographic":false}