{"cameraMode":{"drawMode":0,"name":"Shaded","section":"Shading Mode"},"sceneLighting":false,"audioPlay":false,"sceneViewState":{"showFog":true,"showMaterialUpdate":false,"showSkybox":true,"showFlares":true,"showImageEffects":true,"showParticleSystems":true},"in2DMode":false,"pivot":{"x":0.26646530628204348,"y":0.5452337265014648,"z":-0.03660893440246582},"rotation":{"x":-0.31044089794158938,"y":0.17462345957756043,"z":-0.058127306401729587,"w":-0.9326062202453613},"size":9.098474502563477,"orthographic":false}