{"cameraMode":{"drawMode":0,"name":"Shaded","section":"Shading Mode"},"sceneLighting":false,"audioPlay":false,"sceneViewState":{"showFog":true,"showMaterialUpdate":false,"showSkybox":true,"showFlares":true,"showImageEffects":true,"showParticleSystems":true},"in2DMode":false,"pivot":{"x":-0.20526576042175294,"y":-0.016729235649108888,"z":-0.022756576538085939},"rotation":{"x":-0.31044089794158938,"y":0.17462345957756043,"z":-0.058127306401729587,"w":-0.9326062202453613},"size":6.741574764251709,"orthographic":false}