{"cameraMode":{"drawMode":0,"name":"Shaded","section":"Shading Mode"},"sceneLighting":true,"audioPlay":false,"sceneViewState":{"showFog":true,"showMaterialUpdate":false,"showSkybox":true,"showFlares":true,"showImageEffects":true,"showParticleSystems":true},"in2DMode":false,"pivot":{"x":12.711081504821778,"y":-23.682518005371095,"z":2.343251943588257},"rotation":{"x":-0.2997768223285675,"y":-0.6181447505950928,"z":0.2756023406982422,"w":-0.6723647117614746},"size":74.65476989746094,"orthographic":false}