{"cameraMode":{"drawMode":0,"name":"Shaded","section":"Shading Mode"},"sceneLighting":true,"audioPlay":false,"sceneViewState":{"showFog":true,"showMaterialUpdate":false,"showSkybox":true,"showFlares":true,"showImageEffects":true,"showParticleSystems":true},"in2DMode":false,"pivot":{"x":-192.08050537109376,"y":-90.90438079833985,"z":-7.084996700286865},"rotation":{"x":-0.15311159193515778,"y":0.7019602656364441,"z":-0.1587093621492386,"w":-0.6772149205207825},"size":220.5008087158203,"orthographic":false}