{"cameraMode":{"drawMode":0,"name":"Shaded","section":"Shading Mode"},"sceneLighting":true,"audioPlay":false,"sceneViewState":{"showFog":true,"showMaterialUpdate":false,"showSkybox":true,"showFlares":true,"showImageEffects":true,"showParticleSystems":true},"in2DMode":false,"pivot":{"x":-113.22879791259766,"y":-113.79206085205078,"z":144.55459594726563},"rotation":{"x":-0.2632341980934143,"y":0.31469616293907168,"z":-0.09129700064659119,"w":-0.9073802828788757},"size":223.8002471923828,"orthographic":false}