{"cameraMode":{"drawMode":0,"name":"Shaded","section":"Shading Mode"},"sceneLighting":false,"audioPlay":false,"sceneViewState":{"showFog":true,"showMaterialUpdate":false,"showSkybox":true,"showFlares":true,"showImageEffects":true,"showParticleSystems":true},"in2DMode":false,"pivot":{"x":-2.637641668319702,"y":0.7059752941131592,"z":-0.12889432907104493},"rotation":{"x":-0.061531517654657367,"y":0.9347131848335266,"z":-0.28699079155921938,"w":-0.20040324330329896},"size":4.381399631500244,"orthographic":false}