{"cameraMode":{"drawMode":0,"name":"Shaded","section":"Shading Mode"},"sceneLighting":true,"audioPlay":false,"sceneViewState":{"showFog":true,"showMaterialUpdate":false,"showSkybox":true,"showFlares":true,"showImageEffects":true,"showParticleSystems":true},"in2DMode":false,"pivot":{"x":6.447513580322266,"y":-54.81098175048828,"z":-36.7275276184082},"rotation":{"x":-0.0929977223277092,"y":-0.8815193772315979,"z":0.4196610152721405,"w":-0.19534523785114289},"size":128.11903381347657,"orthographic":false}