{"cameraMode":{"drawMode":0,"name":"Shaded","section":"Shading Mode"},"sceneLighting":false,"audioPlay":false,"sceneViewState":{"showFog":true,"showMaterialUpdate":false,"showSkybox":true,"showFlares":true,"showImageEffects":true,"showParticleSystems":true},"in2DMode":false,"pivot":{"x":-0.8136708736419678,"y":1.7250498533248902,"z":-0.9455215930938721},"rotation":{"x":0.006795185152441263,"y":0.9852009415626526,"z":-0.1664804369211197,"w":0.04021509736776352},"size":4.381399631500244,"orthographic":false}