{"cameraMode":{"drawMode":0,"name":"Shaded","section":"Shading Mode"},"sceneLighting":true,"audioPlay":false,"sceneViewState":{"showFog":true,"showMaterialUpdate":false,"showSkybox":true,"showFlares":true,"showImageEffects":true,"showParticleSystems":true},"in2DMode":false,"pivot":{"x":583.89404296875,"y":-426.23065185546877,"z":-523.1351928710938},"rotation":{"x":0.10041482746601105,"y":0.8861576914787293,"z":-0.22760656476020814,"w":0.39094340801239016},"size":903.4564208984375,"orthographic":false}