{"cameraMode":{"drawMode":0,"name":"Shaded","section":"Shading Mode"},"sceneLighting":true,"audioPlay":false,"sceneViewState":{"showFog":true,"showMaterialUpdate":false,"showSkybox":true,"showFlares":true,"showImageEffects":true,"showParticleSystems":true},"in2DMode":false,"pivot":{"x":-91.47254943847656,"y":-14.498347282409668,"z":19.31100082397461},"rotation":{"x":-0.09883398562669754,"y":0.5390777587890625,"z":-0.0638897642493248,"w":-0.8339934349060059},"size":74.56875610351563,"orthographic":false}