{"cameraMode":{"drawMode":0,"name":"Shaded","section":"Shading Mode"},"sceneLighting":false,"audioPlay":false,"sceneViewState":{"showFog":true,"showMaterialUpdate":false,"showSkybox":true,"showFlares":true,"showImageEffects":true,"showParticleSystems":true},"in2DMode":false,"pivot":{"x":0.030785024166107179,"y":0.5,"z":0.3046499490737915},"rotation":{"x":0.2615751028060913,"y":0.5016078948974609,"z":-0.16228938102722169,"w":0.8084739446640015},"size":3.152855157852173,"orthographic":false}