{"cameraMode":{"drawMode":0,"name":"Shaded","section":"Shading Mode"},"sceneLighting":true,"audioPlay":false,"sceneViewState":{"showFog":true,"showMaterialUpdate":false,"showSkybox":true,"showFlares":true,"showImageEffects":true,"showParticleSystems":true},"in2DMode":false,"pivot":{"x":-3.99507212638855,"y":-20.698440551757814,"z":-8.518658638000489},"rotation":{"x":-0.031012751162052156,"y":0.8818323016166687,"z":-0.46688148379325869,"w":-0.058581314980983737},"size":42.38155746459961,"orthographic":false}