{"cameraMode":{"drawMode":0,"name":"Shaded","section":"Shading Mode"},"sceneLighting":true,"audioPlay":false,"sceneViewState":{"showFog":true,"showMaterialUpdate":false,"showSkybox":true,"showFlares":true,"showImageEffects":true,"showParticleSystems":true},"in2DMode":false,"pivot":{"x":709.6392822265625,"y":-419.2297668457031,"z":323.06732177734377},"rotation":{"x":0.20757323503494264,"y":0.5267887711524963,"z":-0.13445915281772614,"w":0.8132206201553345},"size":903.4564208984375,"orthographic":false}