{"cameraMode":{"drawMode":0,"name":"Shaded","section":"Shading Mode"},"sceneLighting":false,"audioPlay":false,"sceneViewState":{"showFog":true,"showMaterialUpdate":false,"showSkybox":true,"showFlares":true,"showImageEffects":true,"showParticleSystems":true},"in2DMode":false,"pivot":{"x":-4.482641220092773,"y":4.292957782745361,"z":-2.9352777004241945},"rotation":{"x":0.2615751028060913,"y":0.5016078948974609,"z":-0.16228938102722169,"w":0.8084739446640015},"size":5.2528557777404789,"orthographic":false}