{"cameraMode":{"drawMode":0,"name":"Shaded","section":"Shading Mode"},"sceneLighting":false,"audioPlay":false,"sceneViewState":{"showFog":true,"showMaterialUpdate":false,"showSkybox":true,"showFlares":true,"showImageEffects":true,"showParticleSystems":true},"in2DMode":false,"pivot":{"x":-2.8792057037353517,"y":1.3078994750976563,"z":1.2897790670394898},"rotation":{"x":-0.2825751304626465,"y":0.014106469228863716,"z":-0.004156033508479595,"w":-0.9591324925422669},"size":22.197120666503908,"orthographic":false}