{"cameraMode":{"drawMode":0,"name":"Shaded","section":"Shading Mode"},"sceneLighting":false,"audioPlay":false,"sceneViewState":{"showFog":true,"showMaterialUpdate":false,"showSkybox":true,"showFlares":true,"showImageEffects":true,"showParticleSystems":true},"in2DMode":false,"pivot":{"x":-2.7177679538726808,"y":1.4364584684371949,"z":2.819999933242798},"rotation":{"x":-0.2825751304626465,"y":0.014106469228863716,"z":-0.004156033508479595,"w":-0.9591324925422669},"size":4.851606369018555,"orthographic":false}