{"cameraMode":{"drawMode":0,"name":"Shaded","section":"Shading Mode"},"sceneLighting":true,"audioPlay":false,"sceneViewState":{"showFog":true,"showMaterialUpdate":false,"showSkybox":true,"showFlares":true,"showImageEffects":true,"showParticleSystems":true},"in2DMode":false,"pivot":{"x":186.59909057617188,"y":-144.0492401123047,"z":-29.625120162963868},"rotation":{"x":0.20650412142276765,"y":0.7234702110290527,"z":-0.24419349431991578,"w":0.6118141412734985},"size":246.45077514648438,"orthographic":false}