{"cameraMode":{"drawMode":0,"name":"Shaded","section":"Shading Mode"},"sceneLighting":true,"audioPlay":false,"sceneViewState":{"showFog":true,"showMaterialUpdate":false,"showSkybox":true,"showFlares":true,"showImageEffects":true,"showParticleSystems":true},"in2DMode":false,"pivot":{"x":22.349252700805665,"y":-23.6745662689209,"z":-18.755046844482423},"rotation":{"x":-0.14514584839344026,"y":-0.8518146276473999,"z":0.3148157000541687,"w":-0.39272841811180117},"size":49.58584976196289,"orthographic":false}