{"cameraMode":{"drawMode":0,"name":"Shaded","section":"Shading Mode"},"sceneLighting":true,"audioPlay":false,"sceneViewState":{"showFog":true,"showMaterialUpdate":false,"showSkybox":true,"showFlares":true,"showImageEffects":true,"showParticleSystems":true},"in2DMode":false,"pivot":{"x":9.083661079406739,"y":-7.517421722412109,"z":-16.680622100830079},"rotation":{"x":0.05720082297921181,"y":0.9423766732215881,"z":-0.24717482924461366,"w":0.2180802971124649},"size":29.30523681640625,"orthographic":false}