{"cameraMode":{"drawMode":0,"name":"Shaded","section":"Shading Mode"},"sceneLighting":true,"audioPlay":false,"sceneViewState":{"showFog":true,"showMaterialUpdate":false,"showSkybox":true,"showFlares":true,"showImageEffects":true,"showParticleSystems":true},"in2DMode":false,"pivot":{"x":7.686201572418213,"y":5.401577472686768,"z":32.803199768066409},"rotation":{"x":-0.2380468249320984,"y":0.7428880333900452,"z":-0.3344404101371765,"w":-0.5287728309631348},"size":20.69413948059082,"orthographic":false}