{"cameraMode":{"drawMode":0,"name":"Shaded","section":"Shading Mode"},"sceneLighting":false,"audioPlay":false,"sceneViewState":{"showFog":true,"showMaterialUpdate":false,"showSkybox":true,"showFlares":true,"showImageEffects":true,"showParticleSystems":true},"in2DMode":false,"pivot":{"x":-1.0846834182739258,"y":-0.007532596588134766,"z":2.309124231338501},"rotation":{"x":-0.2456265687942505,"y":-0.6357671022415161,"z":0.22418604791164399,"w":-0.69656902551651},"size":14.769956588745118,"orthographic":false}