{"cameraMode":{"drawMode":0,"name":"Shaded","section":"Shading Mode"},"sceneLighting":true,"audioPlay":false,"sceneViewState":{"showFog":true,"showMaterialUpdate":false,"showSkybox":true,"showFlares":true,"showImageEffects":true,"showParticleSystems":true},"in2DMode":false,"pivot":{"x":13.794261932373047,"y":-21.306018829345704,"z":-28.770553588867189},"rotation":{"x":-0.08545047789812088,"y":-0.9082274436950684,"z":0.34031739830970766,"w":-0.22804658114910127},"size":39.1594123840332,"orthographic":false}