{"cameraMode":{"drawMode":0,"name":"Shaded","section":"Shading Mode"},"sceneLighting":true,"audioPlay":false,"sceneViewState":{"showFog":true,"showMaterialUpdate":false,"showSkybox":true,"showFlares":true,"showImageEffects":true,"showParticleSystems":true},"in2DMode":false,"pivot":{"x":-0.5175613760948181,"y":-159.5498046875,"z":148.01141357421876},"rotation":{"x":0.39817148447036745,"y":0.000296518875984475,"z":-0.00013028578541707247,"w":0.9173109531402588},"size":273.53033447265627,"orthographic":false}