{"cameraMode":{"drawMode":0,"name":"Shaded","section":"Shading Mode"},"sceneLighting":false,"audioPlay":false,"sceneViewState":{"showFog":true,"showMaterialUpdate":false,"showSkybox":true,"showFlares":true,"showImageEffects":true,"showParticleSystems":true},"in2DMode":false,"pivot":{"x":-1.0823092460632325,"y":-0.007532596588134766,"z":2.2827308177948},"rotation":{"x":-0.24529001116752625,"y":-0.6368112564086914,"z":0.22455424070358277,"w":-0.6956145763397217},"size":4.851606369018555,"orthographic":false}