{"cameraMode":{"drawMode":0,"name":"Shaded","section":"Shading Mode"},"sceneLighting":true,"audioPlay":false,"sceneViewState":{"showFog":true,"showMaterialUpdate":false,"showSkybox":true,"showFlares":true,"showImageEffects":true,"showParticleSystems":true},"in2DMode":false,"pivot":{"x":-17.2274112701416,"y":-199.18875122070313,"z":-153.06121826171876},"rotation":{"x":0.029096603393554689,"y":-0.8925868272781372,"z":0.44615471363067629,"w":0.05820808187127113},"size":266.4164733886719,"orthographic":false}