{"cameraMode":{"drawMode":0,"name":"Shaded","section":"Shading Mode"},"sceneLighting":true,"audioPlay":false,"sceneViewState":{"showFog":true,"showMaterialUpdate":false,"showSkybox":true,"showFlares":true,"showImageEffects":true,"showParticleSystems":true},"in2DMode":false,"pivot":{"x":10.596099853515625,"y":-171.70994567871095,"z":239.6024169921875},"rotation":{"x":0.3053724467754364,"y":0.03315228596329689,"z":-0.010640338063240052,"w":0.9515962600708008},"size":337.9204406738281,"orthographic":false}