{"cameraMode":{"drawMode":0,"name":"Shaded","section":"Shading Mode"},"sceneLighting":true,"audioPlay":false,"sceneViewState":{"showFog":true,"showMaterialUpdate":false,"showSkybox":true,"showFlares":true,"showImageEffects":true,"showParticleSystems":true},"in2DMode":false,"pivot":{"x":-2.084636688232422,"y":-25.774860382080079,"z":18.37740135192871},"rotation":{"x":-0.3635646104812622,"y":0.13870079815387727,"z":-0.054838284850120547,"w":-0.9195519089698792},"size":69.43673706054688,"orthographic":false}