{"cameraMode":{"drawMode":0,"name":"Shaded","section":"Shading Mode"},"sceneLighting":true,"audioPlay":false,"sceneViewState":{"showFog":true,"showMaterialUpdate":false,"showSkybox":true,"showFlares":true,"showImageEffects":true,"showParticleSystems":true},"in2DMode":false,"pivot":{"x":20.54361915588379,"y":-20.197866439819337,"z":7.3601531982421879},"rotation":{"x":-0.31211617588996889,"y":-0.45144200325012209,"z":0.1722531020641327,"w":-0.8179930448532105},"size":39.1594123840332,"orthographic":false}