{"cameraMode":{"drawMode":0,"name":"Shaded","section":"Shading Mode"},"sceneLighting":true,"audioPlay":false,"sceneViewState":{"showFog":true,"showMaterialUpdate":false,"showSkybox":true,"showFlares":true,"showImageEffects":true,"showParticleSystems":true},"in2DMode":false,"pivot":{"x":195.9209747314453,"y":-80.22099304199219,"z":116.40283966064453},"rotation":{"x":-0.004477581940591335,"y":0.00032409289269708097,"z":3.3236265295499837e-8,"w":0.999989926815033},"size":154.748046875,"orthographic":false}