{"cameraMode":{"drawMode":0,"name":"Shaded","section":"Shading Mode"},"sceneLighting":false,"audioPlay":false,"sceneViewState":{"showFog":true,"showMaterialUpdate":false,"showSkybox":true,"showFlares":true,"showImageEffects":true,"showParticleSystems":true},"in2DMode":false,"pivot":{"x":-2.8792057037353517,"y":1.3078994750976563,"z":1.2897790670394898},"rotation":{"x":-0.04657471552491188,"y":-0.933706521987915,"z":0.32956212759017947,"w":-0.13195334374904633},"size":8.807538986206055,"orthographic":false}