{"cameraMode":{"drawMode":0,"name":"Shaded","section":"Shading Mode"},"sceneLighting":false,"audioPlay":false,"sceneViewState":{"showFog":true,"showMaterialUpdate":false,"showSkybox":true,"showFlares":true,"showImageEffects":true,"showParticleSystems":true},"in2DMode":false,"pivot":{"x":-2.7177679538726808,"y":1.4364584684371949,"z":2.819999933242798},"rotation":{"x":-0.04657471552491188,"y":-0.933706521987915,"z":0.32956212759017947,"w":-0.13195334374904633},"size":4.851606369018555,"orthographic":false}