{"cameraMode":{"drawMode":0,"name":"Shaded","section":"Shading Mode"},"sceneLighting":false,"audioPlay":false,"sceneViewState":{"showFog":true,"showMaterialUpdate":false,"showSkybox":true,"showFlares":true,"showImageEffects":true,"showParticleSystems":true},"in2DMode":false,"pivot":{"x":-2.3634185791015627,"y":1.965937614440918,"z":0.9299464225769043},"rotation":{"x":-0.011058934964239598,"y":-0.9799208045005798,"z":0.19080747663974763,"w":-0.056793566793203357},"size":4.880843639373779,"orthographic":false}