{"cameraMode":{"drawMode":0,"name":"Shaded","section":"Shading Mode"},"sceneLighting":true,"audioPlay":false,"sceneViewState":{"showFog":true,"showMaterialUpdate":false,"showSkybox":true,"showFlares":true,"showImageEffects":true,"showParticleSystems":true},"in2DMode":false,"pivot":{"x":8.897944450378418,"y":-8.632513046264649,"z":-14.79484748840332},"rotation":{"x":-0.04657471552491188,"y":-0.933706521987915,"z":0.32956212759017947,"w":-0.13195334374904633},"size":74.08926391601563,"orthographic":false}